{
  "N": [
    3.395084228594432,
    -18.487733270605204,
    240.0
  ],
  "NE": [
    2.886393784017527,
    -15.688376064605247,
    240.0
  ],
  "E": [
    2.902866075092713,
    -16.028991720136816,
    240.0
  ],
  "SE": [
    2.9874495459741124,
    -16.711797566750633,
    240.0
  ],
  "S": [
    3.8928992624132444,
    -21.96872213959555,
    240.0
  ],
  "SW": [
    3.414459728059676,
    -18.86684837157059,
    240.0
  ],
  "W": [
    3.2609598019730495,
    -18.145271611111525,
    240.0
  ],
  "NW": [
    2.7210933599329663,
    -14.749922661004435,
    240.0
  ]
}
