{
  "N": [
    2.634265868167323,
    -13.158481399630274,
    241.0
  ],
  "NE": [
    2.4929891071599926,
    -11.943405475664909,
    230.0
  ],
  "E": [
    3.4792828167963057,
    -17.155194230396607,
    228.66666666666666
  ],
  "SE": [
    3.3999951492448517,
    -16.858742986777262,
    224.33333333333334
  ],
  "S": [
    2.7987940892960945,
    -14.002905018817295,
    230.66666666666666
  ],
  "SW": [
    2.9177071351332016,
    -15.053646192642406,
    225.33333333333334
  ],
  "W": [
    2.8356330387886515,
    -14.826283427709862,
    233.0
  ],
  "NW": [
    2.8531336728877608,
    -14.99999394726327,
    240.0
  ]
}